,ABIERTA 1,ABIERTA_LIMPIADA,ABIERTA_LIMPIADA_TEXT,sentimiento,polaridad,subjetividad,categoria_sentimiento,cluster
0,HABER APRENDIDO A HACER COSAS DIFERENTES,"['haber', 'aprendido', 'hacer', 'diferentes']",haber aprendido hacer diferentes,"Sentiment(polarity=0.0, subjectivity=0.0)",0,0,Neutro,0
1,Uno se siete mas servicial y mas independiente. con m치s autonom칤a. Me dej칩 contenta de aprender otras cosas. Son cosas super valiosas. Me encant칩 lo de primeros auxilios,"['siete', 'servicial', 'independiente', 'autonom칤a', 'dej칩', 'contenta', 'aprender', 'super', 'valiosas', 'encant칩', 'primeros', 'auxilios']",siete servicial independiente autonom칤a dej칩 contenta aprender super valiosas encant칩 primeros auxilios,"Sentiment(polarity=0.3333333333333333, subjectivity=0.6666666666666666)",0.3333333333,0.6666666667,Positivo,2
2,UNO VA APRENDIENDO CADA COSA QUE NOS ENSE칌A.,"['va', 'aprendiendo', 'cada', 'cosa', 'ense침a']",va aprendiendo cada cosa ense침a,"Sentiment(polarity=0.0, subjectivity=0.0)",0,0,Neutro,0
3,NOS ENTREGAN LIBROS ESPECIALES Y CUADERNOS Y LE ENSE칌AN JARDINERIA,"['entregan', 'libros', 'especiales', 'cuadernos', 'ense침an', 'jardineria']",entregan libros especiales cuadernos ense침an jardineria,"Sentiment(polarity=0.0, subjectivity=0.0)",0,0,Neutro,0
4,"CRECIMIENTO COMO PERSONA, UNO CRECE EN CONOCIMIENTO, EN AMISTADES EN TODO","['crecimiento', 'persona', 'crece', 'conocimiento', 'amistades']",crecimiento persona crece conocimiento amistades,"Sentiment(polarity=0.0, subjectivity=0.0)",0,0,Neutro,0
5,"PARA MI FUE TODA UNA EXPERIENCIA NUEVA, BONITA OJALA PUEDA SEGUIR PARTICIPANDO, ME ENSE칌O A PREOCUPARME DE MI COMO PERSONA. ME HIZO ABRIR LOS OJOS SANTO TOMAS, ES UNA BENDICION CN NOTA DE DEL 1 AL 10 UN 10","['toda', 'experiencia', 'nueva', 'bonita', 'ojala', 'pueda', 'seguir', 'participando', 'ense침o', 'preocuparme', 'persona', 'hizo', 'abrir', 'ojos', 'bendicion', 'cn', 'nota', '1', '10', '10']",toda experiencia nueva bonita ojala pueda seguir participando ense침o preocuparme persona hizo abrir ojos bendicion cn nota 1 10 10,"Sentiment(polarity=0.0, subjectivity=0.0)",0,0,Neutro,0
6,ME GUSTO TODO EL BENEFICIO QUE HUBO,"['gusto', 'beneficio']",gusto beneficio,"Sentiment(polarity=0.0, subjectivity=0.0)",0,0,Neutro,0
7,HABER CONOCIDO UN PROFESOR,"['haber', 'conocido', 'profesor']",haber conocido profesor,"Sentiment(polarity=0.0, subjectivity=0.0)",0,0,Neutro,0
8,"FUE UN GRAN APORTE, APREND칈 HARTAS COSAS","['gran', 'aporte', 'aprend칤', 'hartas']",gran aporte aprend칤 hartas,"Sentiment(polarity=0.0, subjectivity=0.0)",0,0,Neutro,0
9,"SIRVE PARA TRABAJAR INDEPENDIENTE, HAY MUCHOS ADULTO MAYORES QUE QUERIAN EMPRENDER Y TENEMOS EL TIEMPO, NO SABIAMOS COMO, NOS DIERON CHARLAS ERA PARA ESO.","['sirve', 'trabajar', 'independiente', 'adulto', 'mayores', 'querian', 'emprender', 'tiempo', 'sabiamos', 'dieron', 'charlas']",sirve trabajar independiente adulto mayores querian emprender tiempo sabiamos dieron charlas,"Sentiment(polarity=0.0, subjectivity=0.0)",0,0,Neutro,0
10,EL PODER DIALOGAR CON LOS ESTUDIANTES YA QUE ESTUVIERON ATENTOS A ESCUCHAR LO QUE ELLOS DECIAN,"['poder', 'dialogar', 'estudiantes', 'atentos', 'escuchar', 'decian']",poder dialogar estudiantes atentos escuchar decian,"Sentiment(polarity=0.0, subjectivity=0.0)",0,0,Neutro,0
11,"ADQUIRIR NUEVOS CONOCIMIENTOS, AMISTADES Y FORMA DE ENFRENTAR LA VIDA","['adquirir', 'nuevos', 'conocimientos', 'amistades', 'forma', 'enfrentar', 'vida']",adquirir nuevos conocimientos amistades forma enfrentar vida,"Sentiment(polarity=0.0, subjectivity=0.0)",0,0,Neutro,0
12,"QUE ESTO...  NOSOTROS ESTAMOS ENCERRADO EN LAS CASAS Y PARA VER MAS ALLA DE LAS PAREDES PARA TODO ADULTO MAYOR, Y ES MUY BUENO POR LO QUE YO HE PARTICIPADO","['encerrado', 'casas', 'ver', 'alla', 'paredes', 'adulto', 'mayor', 'bueno', 'participado']",encerrado casas ver alla paredes adulto mayor bueno participado,"Sentiment(polarity=0.0, subjectivity=0.0)",0,0,Neutro,0
13,"SABER UTILIZAR LA TECNOLOGIA COMO TELEFONO ,REDES SOCIACIALES,ETC","['saber', 'utilizar', 'tecnologia', 'telefono', 'redes', 'sociacialesetc']",saber utilizar tecnologia telefono redes sociacialesetc,"Sentiment(polarity=0.0, subjectivity=0.0)",0,0,Neutro,0
14,"SUPERARME APRENDER , CONOCIMIENTO, Y SEGURIDAD, CONFIANZA QUE SE CONTINUE CON LOS TALLERES , DAR GRACIAS A SANTO TOMAS POR PREOCUPARSE DE LOS ADULTOS MAYORES.","['superarme', 'aprender', 'conocimiento', 'seguridad', 'confianza', 'continue', 'talleres', 'dar', 'gracias', 'preocuparse', 'adultos', 'mayores']",superarme aprender conocimiento seguridad confianza continue talleres dar gracias preocuparse adultos mayores,"Sentiment(polarity=0.0, subjectivity=0.0)",0,0,Neutro,0
15,ES BUENO TENGO MAS  CONOCIMIENTOS EN CASO DE QUERER TRABAJAR INDEPENDIENTE EN CASO DE TENER UNA PIME,"['bueno', 'conocimientos', 'caso', 'querer', 'trabajar', 'independiente', 'caso', 'tener', 'pime']",bueno conocimientos caso querer trabajar independiente caso tener pime,"Sentiment(polarity=0.0, subjectivity=0.0)",0,0,Neutro,0
16,"LA INTENCION ES POSITIVA DE INCORPORARA A LOS ADULTOS MAYORES A CONOCIMIENTO, LO NEGATIVO ES QUE LOS TALLERES SE DEMORAN 3 HORAS Y SOLO FUE TEORICA NO PRACTICA, SOBRE LA SALUD SE DEMOSTRO COMO TOMAR LA PRESION PERO NO SE HA PRACTICADO, EN RESUMEN LOS TALLERES SON TEORICOS Y NO PRACTICOS, FUE MUY POCO TIEMPO EL TALLER Y PENSANDO EN LOS ADULTOS MAYORES NO VAN A TENER MUCHA INFORMACION TEORICA","['intencion', 'positiva', 'incorporara', 'adultos', 'mayores', 'conocimiento', 'negativo', 'talleres', 'demoran', '3', 'horas', 'solo', 'teorica', 'practica', 'salud', 'demostro', 'tomar', 'presion', 'practicado', 'resumen', 'talleres', 'teoricos', 'practicos', 'tiempo', 'taller', 'pensando', 'adultos', 'mayores', 'van', 'tener', 'mucha', 'informacion', 'teorica']",intencion positiva incorporara adultos mayores conocimiento negativo talleres demoran 3 horas solo teorica practica salud demostro tomar presion practicado resumen talleres teoricos practicos tiempo taller pensando adultos mayores van tener mucha informacion teorica,"Sentiment(polarity=0.0, subjectivity=0.0)",0,0,Neutro,0
17,"LE SIRVIO PARA APRENDER, PUDO APRENDER HACER VALER SU TRABAJO","['sirvio', 'aprender', 'pudo', 'aprender', 'hacer', 'valer', 'trabajo']",sirvio aprender pudo aprender hacer valer trabajo,"Sentiment(polarity=0.0, subjectivity=0.0)",0,0,Neutro,0
18,COMUNICACI칍N Y CONTACTO CON MAS PERSONAS,"['comunicaci칩n', 'contacto', 'personas']",comunicaci칩n contacto personas,"Sentiment(polarity=0.0, subjectivity=0.0)",0,0,Neutro,0
19,AMPLIACI칍N DE C칈RCULO SOCIAL Y NUEVOS APRENDIZAJES,"['ampliaci칩n', 'c칤rculo', 'social', 'nuevos', 'aprendizajes']",ampliaci칩n c칤rculo social nuevos aprendizajes,"Sentiment(polarity=0.03333333333333333, subjectivity=0.06666666666666667)",0.03333333333,0.06666666667,Positivo,0
20,AMPLIACI칍N DE C칈RCULO SOCIAL Y NUEVOS APRENDIZAJES,"['ampliaci칩n', 'c칤rculo', 'social', 'nuevos', 'aprendizajes']",ampliaci칩n c칤rculo social nuevos aprendizajes,"Sentiment(polarity=0.03333333333333333, subjectivity=0.06666666666666667)",0.03333333333,0.06666666667,Positivo,0
21,MAYOR BENEFICIO SOCIAL,"['mayor', 'beneficio', 'social']",mayor beneficio social,"Sentiment(polarity=0.03333333333333333, subjectivity=0.06666666666666667)",0.03333333333,0.06666666667,Positivo,0
22,AMPLIACI칍N DE C칈RCULO SOCIAL Y NUEVOS APRENDIZAJES,"['ampliaci칩n', 'c칤rculo', 'social', 'nuevos', 'aprendizajes']",ampliaci칩n c칤rculo social nuevos aprendizajes,"Sentiment(polarity=0.03333333333333333, subjectivity=0.06666666666666667)",0.03333333333,0.06666666667,Positivo,0
23,BIENESTAR,['bienestar'],bienestar,"Sentiment(polarity=0.0, subjectivity=0.0)",0,0,Neutro,0
24,BIENESTAR,['bienestar'],bienestar,"Sentiment(polarity=0.0, subjectivity=0.0)",0,0,Neutro,0
25,COMUNICACI칍N Y CONTACTO CON MAS PERSONAS,"['comunicaci칩n', 'contacto', 'personas']",comunicaci칩n contacto personas,"Sentiment(polarity=0.0, subjectivity=0.0)",0,0,Neutro,0
26,AMPLIACI칍N DE C칈RCULO SOCIAL Y NUEVOS APRENDIZAJES,"['ampliaci칩n', 'c칤rculo', 'social', 'nuevos', 'aprendizajes']",ampliaci칩n c칤rculo social nuevos aprendizajes,"Sentiment(polarity=0.03333333333333333, subjectivity=0.06666666666666667)",0.03333333333,0.06666666667,Positivo,0
27,BIENESTAR,['bienestar'],bienestar,"Sentiment(polarity=0.0, subjectivity=0.0)",0,0,Neutro,0
28,BIENESTAR,['bienestar'],bienestar,"Sentiment(polarity=0.0, subjectivity=0.0)",0,0,Neutro,0
29,COMUNICACI칍N Y CONTACTO CON MAS PERSONAS,"['comunicaci칩n', 'contacto', 'personas']",comunicaci칩n contacto personas,"Sentiment(polarity=0.0, subjectivity=0.0)",0,0,Neutro,0
30,COMUNICACI칍N Y CONTACTO CON MAS PERSONAS,"['comunicaci칩n', 'contacto', 'personas']",comunicaci칩n contacto personas,"Sentiment(polarity=0.0, subjectivity=0.0)",0,0,Neutro,0
31,"MUY BUENA, APRENDI  NO SABE, NOS  ENSE칌ARAMOS,LAS FINANZA A LAS PERSONAS QUE GANA POQUITO VENDIENDO HUEVO, OTRAS COSAS, A MI LAS COSTURAS","['buena', 'aprendi', 'sabe', 'ense침aramoslas', 'finanza', 'personas', 'gana', 'poquito', 'vendiendo', 'huevo', 'costuras']",buena aprendi sabe ense침aramoslas finanza personas gana poquito vendiendo huevo costuras,"Sentiment(polarity=0.0, subjectivity=0.0)",0,0,Neutro,0
32,APRENDER MUCHAS COSAS,"['aprender', 'muchas']",aprender muchas,"Sentiment(polarity=0.0, subjectivity=0.0)",0,0,Neutro,0
33,"MUCHOS BENEFICIOS , EN CUANTO NOS ENSE칌ARON A CUIDAR NUESTRA DENTADURA , NUESTROS PIES, CUIDAR TAMBIEN NUESTROS HUERTOS, NOS TRAJERON SEMILLAS , REGAR A GOTEO  Y COMO HACER RENDIR NUESTRO DINERO, PARA MI FUE MARAVILLO Y EL PROXIMO A칌O LO REPITAN","['beneficios', 'cuanto', 'ense침aron', 'cuidar', 'dentadura', 'pies', 'cuidar', 'tambien', 'huertos', 'trajeron', 'semillas', 'regar', 'goteo', 'hacer', 'rendir', 'dinero', 'maravillo', 'proximo', 'a침o', 'repitan']",beneficios cuanto ense침aron cuidar dentadura pies cuidar tambien huertos trajeron semillas regar goteo hacer rendir dinero maravillo proximo a침o repitan,"Sentiment(polarity=0.0, subjectivity=0.0)",0,0,Neutro,0
34,"MUY BUENA PORQUE ERA CORTO EL TIEMPO QUE ESTUVO, UNA VEZ A LA SEMANA Y CUANDO ME DIJERON YA ESTABA FUE UNA AYUDA. EL TEMA DE LOS PIES, DE LA VISTA, QUE VENGAN, YA NO VAN POR LAS VACACIONES Y PARARON OJALA QUE VUELVAN","['buena', 'corto', 'tiempo', 'vez', 'semana', 'dijeron', 'ayuda', 'tema', 'pies', 'vista', 'vengan', 'van', 'vacaciones', 'pararon', 'ojala', 'vuelvan']",buena corto tiempo vez semana dijeron ayuda tema pies vista vengan van vacaciones pararon ojala vuelvan,"Sentiment(polarity=0.0, subjectivity=0.0)",0,0,Neutro,0
35,LE GUSTO PORQUE QUEDARON MUY SATISFECHOS CON LAS ACTIVIDADES QUE LE ENSE칌ARON EN SANTO TOMAS Y ELLOS LES PIDIERON AYUDA DE SUS EXPERIENCIAS VIVIDAS,"['gusto', 'quedaron', 'satisfechos', 'actividades', 'ense침aron', 'pidieron', 'ayuda', 'experiencias', 'vividas']",gusto quedaron satisfechos actividades ense침aron pidieron ayuda experiencias vividas,"Sentiment(polarity=0.0, subjectivity=0.0)",0,0,Neutro,0
36,"QUE UNO APRENDIO COSAS QUE NO SABIA, COMO LA ALIMENTACION Y CUANDO UNA PERSONA ES DIABETICA, LOS EJERCICIOS QUE LE AYUDABAN A LAS PERSONAS DE TERCERA EDAD","['aprendio', 'sabia', 'alimentacion', 'persona', 'diabetica', 'ejercicios', 'ayudaban', 'personas', 'tercera', 'edad']",aprendio sabia alimentacion persona diabetica ejercicios ayudaban personas tercera edad,"Sentiment(polarity=0.0, subjectivity=0.0)",0,0,Neutro,0
37,"NOS AYUDO PORQUE DEBEMOS SER AUTONOMAS QUE SANTO TOMAS SIGA HACIENDO ESTOS TALLERES PARA QUE ALL MAS PARTICIPACION PARA LOS ADULTOS MAYORES LOS ENTRE BUENOS , SE PREOCUPEN DE SEGUIR APOYANDO AL ADULTO MAYOR","['ayudo', 'debemos', 'ser', 'autonomas', 'siga', 'haciendo', 'talleres', 'all', 'participacion', 'adultos', 'mayores', 'buenos', 'preocupen', 'seguir', 'apoyando', 'adulto', 'mayor']",ayudo debemos ser autonomas siga haciendo talleres all participacion adultos mayores buenos preocupen seguir apoyando adulto mayor,"Sentiment(polarity=0.0, subjectivity=0.0)",0,0,Neutro,0
38,"BUENA,FUE MUY BUENA PARA MI A UNO LA SACAN DE UN HOYO PROFUNDO, HAY TANTA COSA, ERA EXCELENTE Y SE METE COSA EN LA CABEZA, PARA USTED. MUY BUENO, LE DIGO POR SI MISMO. APROVECHA SU OPORTUNIDAD","['buenafue', 'buena', 'sacan', 'hoyo', 'profundo', 'tanta', 'cosa', 'excelente', 'mete', 'cosa', 'cabeza', 'usted', 'bueno', 'digo', 'si', 'mismo', 'aprovecha', 'oportunidad']",buenafue buena sacan hoyo profundo tanta cosa excelente mete cosa cabeza usted bueno digo si mismo aprovecha oportunidad,"Sentiment(polarity=0.0, subjectivity=0.0)",0,0,Neutro,0
39,RESPETO AL ADULTO MAYOR Y CUIDADO A MEDIO AMBIENTE,"['respeto', 'adulto', 'mayor', 'cuidado', 'medio', 'ambiente']",respeto adulto mayor cuidado medio ambiente,"Sentiment(polarity=0.0, subjectivity=0.0)",0,0,Neutro,0
40,TUVO UN MUY BUEN TRATO DE LAS PERSONAS DEL CURSO Y DABAN BUENOS CONSEJOS Y CONVEERSABAN CON ELLOS,"['buen', 'trato', 'personas', 'curso', 'daban', 'buenos', 'consejos', 'conveersaban']",buen trato personas curso daban buenos consejos conveersaban,"Sentiment(polarity=0.0, subjectivity=0.0)",0,0,Neutro,0
41,"HABER APRENDIDO LO QUE ELLOS ME ENSE칌ARON LA ALIMENTACION Y SOBRE LOS PIES Y TODO ESO , LA MEMORIA  COMO ESCUCHAR ....","['haber', 'aprendido', 'ense침aron', 'alimentacion', 'pies', 'memoria', 'escuchar']",haber aprendido ense침aron alimentacion pies memoria escuchar,"Sentiment(polarity=0.0, subjectivity=0.0)",0,0,Neutro,0
42,"FUE BENEFICIOSO EN TODO HAMBITO , FUE A SANTO TOMAS A PODOLOGIA Y ESTA ESPERAND UNA HORA PARA LIMPIEZA DENTAL .. ME ENCANTO Y ME SIRVE PARA HABLAR CON MAS PERSONAS","['beneficioso', 'hambito', 'podologia', 'esperand', 'hora', 'limpieza', 'dental', 'encanto', 'sirve', 'hablar', 'personas']",beneficioso hambito podologia esperand hora limpieza dental encanto sirve hablar personas,"Sentiment(polarity=0.0, subjectivity=0.0)",0,0,Neutro,0
43,APRENDER TODO LO QUE LE ENSE칌ARON Y FUE MUY BUENO LO QUE HICIERON FELICITAR A TODOS QUIENES HICIERON LAS CLASES COMO PROFESORES ALUMNAS,"['aprender', 'ense침aron', 'bueno', 'hicieron', 'felicitar', 'hicieron', 'clases', 'profesores', 'alumnas']",aprender ense침aron bueno hicieron felicitar hicieron clases profesores alumnas,"Sentiment(polarity=0.0, subjectivity=0.0)",0,0,Neutro,0
44,"SE SINTIO BIEN, APRENDIO VARIAS COSAS","['sintio', 'bien', 'aprendio', 'varias']",sintio bien aprendio varias,"Sentiment(polarity=0.0, subjectivity=0.0)",0,0,Neutro,0
45,LE PARECIO BIEN LAS CHARLAS QUE DIERON,"['parecio', 'bien', 'charlas', 'dieron']",parecio bien charlas dieron,"Sentiment(polarity=0.0, subjectivity=0.0)",0,0,Neutro,0
46,"ENTRETENIDO LAS CLASES MUY SOCIABLES MUY AMABLES CON MUCHA PACIENCIA , SE SINTIO BIEN , MUY AGRADECIDA POR QUE ME CONSIDERARON Y AGRADECIDA DE TODOS .....","['entretenido', 'clases', 'sociables', 'amables', 'mucha', 'paciencia', 'sintio', 'bien', 'agradecida', 'consideraron', 'agradecida']",entretenido clases sociables amables mucha paciencia sintio bien agradecida consideraron agradecida,"Sentiment(polarity=0.0, subjectivity=0.0)",0,0,Neutro,0
47,FUE BUENO POR QUE SALIAMOS Y NOS ENTRETENIAMOS Y COMPARTIAMOS CON MAS GENTE,"['bueno', 'saliamos', 'entreteniamos', 'compartiamos', 'gente']",bueno saliamos entreteniamos compartiamos gente,"Sentiment(polarity=0.0, subjectivity=0.0)",0,0,Neutro,0
48,"LE SIRVIO PARA CUIDARSE MAS DE LAS ENFERMEDADES, ALIMENTACIONES Y ESTUVO MUY HERMOSO, ESTA MUY AGRADECIDA DE LAS ACTIVIDADES","['sirvio', 'cuidarse', 'enfermedades', 'alimentaciones', 'hermoso', 'agradecida', 'actividades']",sirvio cuidarse enfermedades alimentaciones hermoso agradecida actividades,"Sentiment(polarity=0.0, subjectivity=0.0)",0,0,Neutro,0
49,"CUANDO LES ENSE칌ARON A SEMBRAR SEMILLAS Y PREPARAR LA TIERRA, SE SIENTE MUY CONFORME Y ESPERAR QUE VUELVAN A PREPARARLOS ENSE칌ARLES M츼S DE LAS ACTIVIDADES PARA SEGUIR APRENDIENDO SALIR PARA QUE NO QUEDAR SIEMPRE ENCERRADA EN SU CASA, ESTA MUY CONTENTA Y LE HIZO MUY BIEN PARA SU SALUD COMPARTIR CON OTRAS PERSONAS DE SU ETAPA DE LA TERCERA EDAD","['ense침aron', 'sembrar', 'semillas', 'preparar', 'tierra', 'conforme', 'esperar', 'vuelvan', 'prepararlos', 'ense침arles', 'actividades', 'seguir', 'aprendiendo', 'salir', 'quedar', 'siempre', 'encerrada', 'casa', 'contenta', 'hizo', 'bien', 'salud', 'compartir', 'personas', 'etapa', 'tercera', 'edad']",ense침aron sembrar semillas preparar tierra conforme esperar vuelvan prepararlos ense침arles actividades seguir aprendiendo salir quedar siempre encerrada casa contenta hizo bien salud compartir personas etapa tercera edad,"Sentiment(polarity=0.0, subjectivity=0.0)",0,0,Neutro,0
50,FUE BUENA POR QUE LE SIRVIO PARA SABER COMO SE SIEMBRA COMO SE HARA,"['buena', 'sirvio', 'saber', 'siembra', 'hara']",buena sirvio saber siembra hara,"Sentiment(polarity=0.0, subjectivity=0.0)",0,0,Neutro,0
51,"TUVIMOS LAS PLANTA LO DEJO MUCHO,  PARA SU CASA, TODO FUE TODO NUEVO Y MUY VALIOSO. GRACIAS A LAS PERSONA Y LA TASA LIVIANITA MUY LINDA QUE NOS DEJO, NO ES PESADA, ANDO POR TODAS PARTE CON MI TASA DE SANTO TOMAS Y TUVIMOS MAS AMISTADES","['planta', 'dejo', 'casa', 'nuevo', 'valioso', 'gracias', 'persona', 'tasa', 'livianita', 'linda', 'dejo', 'pesada', 'ando', 'todas', 'parte', 'tasa', 'amistades']",planta dejo casa nuevo valioso gracias persona tasa livianita linda dejo pesada ando todas parte tasa amistades,"Sentiment(polarity=0.0, subjectivity=0.0)",0,0,Neutro,0
52,"FUE SOCIABILIZAR MAS APRENDER SOBRE ASEO BUCAL FUE MUY IMPORTANTE , PUDIESEN SEGUIR VINIENDO MAS A LAS COMUNAS Y QUE BUENO QUE LOS JOVENES VEAN REALIDADES DE LOS ADULTOS MAYORES , FUERON MUY AMABLES , TUVIMOS SUERTE DE PARTICIPAR EN TALLERE COMO ESTOS Y SON MUY NECESARIOS. AGREDECIMIENTO ...","['sociabilizar', 'aprender', 'aseo', 'bucal', 'importante', 'pudiesen', 'seguir', 'viniendo', 'comunas', 'bueno', 'jovenes', 'vean', 'realidades', 'adultos', 'mayores', 'amables', 'suerte', 'participar', 'tallere', 'necesarios', 'agredecimiento']",sociabilizar aprender aseo bucal importante pudiesen seguir viniendo comunas bueno jovenes vean realidades adultos mayores amables suerte participar tallere necesarios agredecimiento,"Sentiment(polarity=0.0, subjectivity=0.0)",0,0,Neutro,0
53,"NO TENIA IDEA DE LA PODOLOGIA, LE AYUDO BASTANTE A CUIDARSE MEJOR LOS PIES, NO HA TENIDO EL DINERO PARA COMPRARSE LA CREMA QUE LE RECOMENDARON, LA SALUD DENTAL","['tenia', 'idea', 'podologia', 'ayudo', 'bastante', 'cuidarse', 'mejor', 'pies', 'dinero', 'comprarse', 'crema', 'recomendaron', 'salud', 'dental']",tenia idea podologia ayudo bastante cuidarse mejor pies dinero comprarse crema recomendaron salud dental,"Sentiment(polarity=0.0, subjectivity=0.0)",0,0,Neutro,0
54,"BUENO, ME SIRVO TODO, SU APORTE Y MUY SERVICIAL, Y TODO FUE MUY BUENO, ESTOY CONFORME Y AGRADECIDA  A ESTA ALTURA DE MI EDAD, FUE MUY BUENA","['bueno', 'sirvo', 'aporte', 'servicial', 'bueno', 'conforme', 'agradecida', 'altura', 'edad', 'buena']",bueno sirvo aporte servicial bueno conforme agradecida altura edad buena,"Sentiment(polarity=0.0, subjectivity=0.0)",0,0,Neutro,0
55,ME DIO LA OPORTUNIDAD DE CONOCER MAS PERSONAS Y APRENDER A VALORIZARME COMO PERSONA,"['dio', 'oportunidad', 'conocer', 'personas', 'aprender', 'valorizarme', 'persona']",dio oportunidad conocer personas aprender valorizarme persona,"Sentiment(polarity=0.0, subjectivity=0.0)",0,0,Neutro,0
56,conocimiento. Interacci칩n con otros. A tener un mejor autocuidado,"['conocimiento', 'interacci칩n', 'tener', 'mejor', 'autocuidado']",conocimiento interacci칩n tener mejor autocuidado,"Sentiment(polarity=0.0, subjectivity=0.0)",0,0,Neutro,0
57,"SALIR DE LA RUTINA DEL TRABAJO, COMPARTIR CON OTRAS PERSONAS DE NUESTRA EDAD Y LOS CHICOS DE STO. TOMAS Y RECREACION","['salir', 'rutina', 'trabajo', 'compartir', 'personas', 'edad', 'chicos', 'sto', 'recreacion']",salir rutina trabajo compartir personas edad chicos sto recreacion,"Sentiment(polarity=0.0, subjectivity=0.0)",0,0,Neutro,0
58,LE ENSE칌O A CUIDAR SUS PIES POR SU DIABETES,"['ense침o', 'cuidar', 'pies', 'diabetes']",ense침o cuidar pies diabetes,"Sentiment(polarity=0.0, subjectivity=0.0)",0,0,Neutro,0
59,EL PODER TENER MAS CONOCIDOS DE LA MISMA EDAD Y CONCER LA SITUACION PERSONAL DE CASA DE PERSONA EL CURSO,"['poder', 'tener', 'conocidos', 'misma', 'edad', 'concer', 'situacion', 'personal', 'casa', 'persona', 'curso']",poder tener conocidos misma edad concer situacion personal casa persona curso,"Sentiment(polarity=0.0, subjectivity=0.3)",0,0.3,Neutro,1
60,"FUE... ME AYUDO A UN TALLER DE PODOLOGIA Y EL CUIDADO DE LOS PIES, ME AYUDO A SOCIABILIZAR CON LAS DEMAS  PERSONAS, NOS ATENDIERON Y LO MEJOR DE QUE ME GUSTO, NOS ATENDIERON BIEN, NOS ENSE칌ARON SALUD BUCAL BASTANTE, TRATARSE LOS DIENTE Y AL DENTISTA, LOS PLANES QUE TIENE EL POLI QUE NO SABIA","['ayudo', 'taller', 'podologia', 'cuidado', 'pies', 'ayudo', 'sociabilizar', 'demas', 'personas', 'atendieron', 'mejor', 'gusto', 'atendieron', 'bien', 'ense침aron', 'salud', 'bucal', 'bastante', 'tratarse', 'diente', 'dentista', 'planes', 'poli', 'sabia']",ayudo taller podologia cuidado pies ayudo sociabilizar demas personas atendieron mejor gusto atendieron bien ense침aron salud bucal bastante tratarse diente dentista planes poli sabia,"Sentiment(polarity=0.0, subjectivity=0.0)",0,0,Neutro,0
61,"Adquirir conocimiento, valor, respeto, mucha entretenci칩n, dedicaci칩n y preocupaci칩n de los alumnos y profesores. Mil gracias por todo lo entregado, conf칤o sigan est치s instancias por el beneficio de los adultos mayores. Gracias totales a Sra Cora, profe Luis y la Sra Marisol. S칩n el tr칤o maravilloso y poderoso . Dios los bendiga a todos.","['adquirir', 'conocimiento', 'valor', 'respeto', 'mucha', 'entretenci칩n', 'dedicaci칩n', 'preocupaci칩n', 'alumnos', 'profesores', 'mil', 'gracias', 'entregado', 'conf칤o', 'sigan', 'instancias', 'beneficio', 'adultos', 'mayores', 'gracias', 'totales', 'sra', 'cora', 'profe', 'luis', 'sra', 'marisol', 's칩n', 'tr칤o', 'maravilloso', 'poderoso', 'dios', 'bendiga']",adquirir conocimiento valor respeto mucha entretenci칩n dedicaci칩n preocupaci칩n alumnos profesores mil gracias entregado conf칤o sigan instancias beneficio adultos mayores gracias totales sra cora profe luis sra marisol s칩n tr칤o maravilloso poderoso dios bendiga,"Sentiment(polarity=0.0, subjectivity=0.0)",0,0,Neutro,0
62,Conoc칤mientos y relaci칩n con adultos mayores de la comuna,"['conoc칤mientos', 'relaci칩n', 'adultos', 'mayores', 'comuna']",conoc칤mientos relaci칩n adultos mayores comuna,"Sentiment(polarity=0.0, subjectivity=0.0)",0,0,Neutro,0
63,"El mayor beneficio fu칠 el incentivo en mi autoestima y el sentir que puedo m치s de lo pensado, a sido una gran y enriquesedora experiencia, mil gracias a todos los alumnos por su entrega cari침osa al igual que los profesores, organizadores, rector gracias mil por la linda experiencia que esperamos sigan los pr칩ximos a침os, gracias totales","['mayor', 'beneficio', 'fu칠', 'incentivo', 'autoestima', 'sentir', 'puedo', 'pensado', 'sido', 'gran', 'enriquesedora', 'experiencia', 'mil', 'gracias', 'alumnos', 'entrega', 'cari침osa', 'igual', 'profesores', 'organizadores', 'rector', 'gracias', 'mil', 'linda', 'experiencia', 'esperamos', 'sigan', 'pr칩ximos', 'a침os', 'gracias', 'totales']",mayor beneficio fu칠 incentivo autoestima sentir puedo pensado sido gran enriquesedora experiencia mil gracias alumnos entrega cari침osa igual profesores organizadores rector gracias mil linda experiencia esperamos sigan pr칩ximos a침os gracias totales,"Sentiment(polarity=0.0, subjectivity=0.0)",0,0,Neutro,0
64,Obtener nuevos conocimientos y participar en momentos de esparciento y entretenci칩n.,"['obtener', 'nuevos', 'conocimientos', 'participar', 'momentos', 'esparciento', 'entretenci칩n']",obtener nuevos conocimientos participar momentos esparciento entretenci칩n,"Sentiment(polarity=0.0, subjectivity=0.0)",0,0,Neutro,0
65,Darle cuenta que puedo realizar cosas que no pod칤a hacer .,"['darle', 'cuenta', 'puedo', 'realizar', 'pod칤a', 'hacer']",darle cuenta puedo realizar pod칤a hacer,"Sentiment(polarity=0.0, subjectivity=0.0)",0,0,Neutro,0
66,Personalmente comprender que la vejez es una etapa que se puede vivir con mas clarida aprender a escuchar con paciensia tolerancia ,"['personalmente', 'comprender', 'vejez', 'etapa', 'puede', 'vivir', 'clarida', 'aprender', 'escuchar', 'paciensia', 'tolerancia']",personalmente comprender vejez etapa puede vivir clarida aprender escuchar paciensia tolerancia,"Sentiment(polarity=0.0, subjectivity=0.0)",0,0,Neutro,0
67,"Fue un gran aporte a un todo ,de valor a la vida  a los conocimientos que entregan los profesionales como los alumnos","['gran', 'aporte', 'valor', 'vida', 'conocimientos', 'entregan', 'profesionales', 'alumnos']",gran aporte valor vida conocimientos entregan profesionales alumnos,"Sentiment(polarity=0.0, subjectivity=0.0)",0,0,Neutro,0
68,Buena record칠 actividades y contenidos pasados,"['buena', 'record칠', 'actividades', 'contenidos', 'pasados']",buena record칠 actividades contenidos pasados,"Sentiment(polarity=0.0, subjectivity=0.0)",0,0,Neutro,0
69,"El hacerte sentir un humano 칰til,respetado y considerado,Santo Tomas a sido un creador de tan linda iniciativa,aprendemos,nos comunicamos,lo pasamos super bien,los alumnos y docentes un 7,que sigan estas magn칤ficas actividades que nos dignificar como adultos mayores que somos,muchas gracias Santo Tomas de La Serena","['hacerte', 'sentir', 'humano', '칰tilrespetado', 'consideradosanto', 'sido', 'creador', 'tan', 'linda', 'iniciativaaprendemosnos', 'comunicamoslo', 'pasamos', 'super', 'bienlos', 'alumnos', 'docentes', '7que', 'sigan', 'magn칤ficas', 'actividades', 'dignificar', 'adultos', 'mayores', 'somosmuchas', 'gracias', 'serena']",hacerte sentir humano 칰tilrespetado consideradosanto sido creador tan linda iniciativaaprendemosnos comunicamoslo pasamos super bienlos alumnos docentes 7que sigan magn칤ficas actividades dignificar adultos mayores somosmuchas gracias serena,"Sentiment(polarity=0.3333333333333333, subjectivity=0.6666666666666666)",0.3333333333,0.6666666667,Positivo,2
70,Segudad personal ,"['segudad', 'personal']",segudad personal,"Sentiment(polarity=0.0, subjectivity=0.3)",0,0.3,Neutro,1
71,El haber mejorado y capacitado en los temas en el cual part칤cipe  doy las gracias los instamos a seguir apoy치ndonos en estas actividades que son enriquecedora   Gracias a todos los j칩venes que son el futuro   A   Corina y todo su equipo gracias Y Felicitaciones ,"['haber', 'mejorado', 'capacitado', 'temas', 'part칤cipe', 'doy', 'gracias', 'instamos', 'seguir', 'apoy치ndonos', 'actividades', 'enriquecedora', 'gracias', 'j칩venes', 'futuro', 'corina', 'equipo', 'gracias', 'felicitaciones']",haber mejorado capacitado temas part칤cipe doy gracias instamos seguir apoy치ndonos actividades enriquecedora gracias j칩venes futuro corina equipo gracias felicitaciones,"Sentiment(polarity=0.0, subjectivity=0.0)",0,0,Neutro,0
72,Muy bueno los felicito a todos por este lindo proyecto. ,"['bueno', 'felicito', 'lindo', 'proyecto']",bueno felicito lindo proyecto,"Sentiment(polarity=0.0, subjectivity=0.0)",0,0,Neutro,0
73,En todo me senti bien aprendi  a ocupar  lo que me ense침aron los alunmos y los educadores   muy claro y entendible  sus ense침anzas  ,"['senti', 'bien', 'aprendi', 'ocupar', 'ense침aron', 'alunmos', 'educadores', 'claro', 'entendible', 'ense침anzas']",senti bien aprendi ocupar ense침aron alunmos educadores claro entendible ense침anzas,"Sentiment(polarity=0.0, subjectivity=0.0)",0,0,Neutro,0
74,쑔e ayudo a conocer diferentes aprendizajes en otros ambitos,"['쑔e', 'ayudo', 'conocer', 'diferentes', 'aprendizajes', 'ambitos']",쑔e ayudo conocer diferentes aprendizajes ambitos,"Sentiment(polarity=0.0, subjectivity=0.0)",0,0,Neutro,0
75,Conocimientos y autoestima,"['conocimientos', 'autoestima']",conocimientos autoestima,"Sentiment(polarity=0.0, subjectivity=0.0)",0,0,Neutro,0
76,Cosas nuevas que aprendimos,"['nuevas', 'aprendimos']",nuevas aprendimos,"Sentiment(polarity=0.0, subjectivity=0.0)",0,0,Neutro,0
77,Conocer gente nueva. Ampliar mis conocimientos  relacionarme  con el medio y el sentirme que puedo con nuevos desafios   y principalmente habernos encontrado con Rosita Monardez  Amigas de adolesencia  Feliz y Contenta. Gracias,"['conocer', 'gente', 'nueva', 'ampliar', 'conocimientos', 'relacionarme', 'medio', 'sentirme', 'puedo', 'nuevos', 'desafios', 'principalmente', 'habernos', 'encontrado', 'rosita', 'monardez', 'amigas', 'adolesencia', 'feliz', 'contenta', 'gracias']",conocer gente nueva ampliar conocimientos relacionarme medio sentirme puedo nuevos desafios principalmente habernos encontrado rosita monardez amigas adolesencia feliz contenta gracias,"Sentiment(polarity=0.0, subjectivity=0.0)",0,0,Neutro,0
78,"Me encantaron los talleres de fotograf칤a,  huerta, gastronom칤a,  celulares .Adem치s haber encontrado a mi amiga Silvia despu칠s de tantos a침os , y  haber compartido con 2 hermanas   y seguir una linda amistad con ellas , Claudia y Rosa.","['encantaron', 'talleres', 'fotograf칤a', 'huerta', 'gastronom칤a', 'celulares', 'adem치s', 'haber', 'encontrado', 'amiga', 'silvia', 'despu칠s', 'tantos', 'a침os', 'haber', 'compartido', '2', 'hermanas', 'seguir', 'linda', 'amistad', 'claudia', 'rosa']",encantaron talleres fotograf칤a huerta gastronom칤a celulares adem치s haber encontrado amiga silvia despu칠s tantos a침os haber compartido 2 hermanas seguir linda amistad claudia rosa,"Sentiment(polarity=0.0, subjectivity=0.0)",0,0,Neutro,0
79,Mantenerme activa en todo los 치mbitos conocer los cuidados uno requiere en esta etapa de vida 游눝 ,"['mantenerme', 'activa', '치mbitos', 'conocer', 'cuidados', 'requiere', 'etapa', 'vida', '游눝']",mantenerme activa 치mbitos conocer cuidados requiere etapa vida 游눝,"Sentiment(polarity=0.0, subjectivity=0.0)",0,0,Neutro,0
80,De gran valor para mi salud f칤sica y mental.  Tambi칠n de gran relevancia para la parte cognitiva,"['gran', 'valor', 'salud', 'f칤sica', 'mental', 'gran', 'relevancia', 'parte', 'cognitiva']",gran valor salud f칤sica mental gran relevancia parte cognitiva,"Sentiment(polarity=-0.1, subjectivity=0.2)",-0.1,0.2,Negativo,1
81,"Nuevas herramientas para tener mejor calidad de vida.  M치s autonom칤a,cuidado de la salud, y recreaci칩n.","['nuevas', 'herramientas', 'tener', 'mejor', 'calidad', 'vida', 'autonom칤acuidado', 'salud', 'recreaci칩n']",nuevas herramientas tener mejor calidad vida autonom칤acuidado salud recreaci칩n,"Sentiment(polarity=0.0, subjectivity=0.0)",0,0,Neutro,0
82,Trabajar en grupo y participar en los taller fue emocionante,"['trabajar', 'grupo', 'participar', 'taller', 'emocionante']",trabajar grupo participar taller emocionante,"Sentiment(polarity=0.0, subjectivity=0.0)",0,0,Neutro,0
83,,[],,"Sentiment(polarity=0.0, subjectivity=0.0)",0,0,Neutro,0
84,"Ampliar mi entorno social, conociendo personas y mejorar mis conocimientos en los distintos talleres. ","['ampliar', 'entorno', 'social', 'conociendo', 'personas', 'mejorar', 'conocimientos', 'distintos', 'talleres']",ampliar entorno social conociendo personas mejorar conocimientos distintos talleres,"Sentiment(polarity=0.03333333333333333, subjectivity=0.06666666666666667)",0.03333333333,0.06666666667,Positivo,0
85,Aprender cosas nuevas para aplicar en mi vida diaria,"['aprender', 'nuevas', 'aplicar', 'vida', 'diaria']",aprender nuevas aplicar vida diaria,"Sentiment(polarity=0.0, subjectivity=0.0)",0,0,Neutro,0
86,Haberme informado en lo referente a herencias.  Tambi칠n en recreaci칩n.,"['haberme', 'informado', 'referente', 'herencias', 'recreaci칩n']",haberme informado referente herencias recreaci칩n,"Sentiment(polarity=0.0, subjectivity=0.0)",0,0,Neutro,0
87,Bienestar integral.  Mil gracias.,"['bienestar', 'integral', 'mil', 'gracias']",bienestar integral mil gracias,"Sentiment(polarity=0.0, subjectivity=0.0)",0,0,Neutro,0
88,"Socializar, aprender, recrear","['socializar', 'aprender', 'recrear']",socializar aprender recrear,"Sentiment(polarity=0.0, subjectivity=0.0)",0,0,Neutro,0
89,"Aprend칤 de movilidad motriz, tambi칠n gracias al curso de cocina aprend칤 la utilizaci칩n correcta del vino en las comidas","['aprend칤', 'movilidad', 'motriz', 'gracias', 'curso', 'cocina', 'aprend칤', 'utilizaci칩n', 'correcta', 'vino', 'comidas']",aprend칤 movilidad motriz gracias curso cocina aprend칤 utilizaci칩n correcta vino comidas,"Sentiment(polarity=0.0, subjectivity=0.0)",0,0,Neutro,0
90,Las motiva a realizar nuevos desaf칤os a hacer cosas diferentes,"['motiva', 'realizar', 'nuevos', 'desaf칤os', 'hacer', 'diferentes']",motiva realizar nuevos desaf칤os hacer diferentes,"Sentiment(polarity=0.0, subjectivity=0.0)",0,0,Neutro,0
91,Me incentivaron a tener mas confianza en mi misma y aprender y valorar mi salud teniendo un cuidado adecuado,"['incentivaron', 'tener', 'confianza', 'misma', 'aprender', 'valorar', 'salud', 'cuidado', 'adecuado']",incentivaron tener confianza misma aprender valorar salud cuidado adecuado,"Sentiment(polarity=0.0, subjectivity=0.0)",0,0,Neutro,0
92,,[],,"Sentiment(polarity=0.0, subjectivity=0.0)",0,0,Neutro,0
93,,[],,"Sentiment(polarity=0.0, subjectivity=0.0)",0,0,Neutro,0
94,Que aprendimos nuevas cosas en general,"['aprendimos', 'nuevas', 'general']",aprendimos nuevas general,"Sentiment(polarity=0.05000000000000002, subjectivity=0.5)",0.05,0.5,Positivo,1
95,"Enriqueci칩, anim칩, alegro la vida en los clubes en general","['enriqueci칩', 'anim칩', 'alegro', 'vida', 'clubes', 'general']",enriqueci칩 anim칩 alegro vida clubes general,"Sentiment(polarity=0.05000000000000002, subjectivity=0.5)",0.05,0.5,Positivo,1
96,"Entretenci칩n, confinza, ragaloneo, los estudiantes muy claros en informar","['entretenci칩n', 'confinza', 'ragaloneo', 'estudiantes', 'claros', 'informar']",entretenci칩n confinza ragaloneo estudiantes claros informar,"Sentiment(polarity=0.0, subjectivity=0.0)",0,0,Neutro,0
97,Muy beneficioso para mi vida de salud mental,"['beneficioso', 'vida', 'salud', 'mental']",beneficioso vida salud mental,"Sentiment(polarity=-0.1, subjectivity=0.2)",-0.1,0.2,Negativo,1
98,Positivo,['positivo'],positivo,"Sentiment(polarity=0.0, subjectivity=0.0)",0,0,Neutro,0
99,Positivo,['positivo'],positivo,"Sentiment(polarity=0.0, subjectivity=0.0)",0,0,Neutro,0
100,Positivo,['positivo'],positivo,"Sentiment(polarity=0.0, subjectivity=0.0)",0,0,Neutro,0
101,Positivo,['positivo'],positivo,"Sentiment(polarity=0.0, subjectivity=0.0)",0,0,Neutro,0
102,Tener mas conocimiento en mi mismo y hacia los demas,"['tener', 'conocimiento', 'mismo', 'hacia', 'demas']",tener conocimiento mismo hacia demas,"Sentiment(polarity=0.0, subjectivity=0.0)",0,0,Neutro,0
103,,[],,"Sentiment(polarity=0.0, subjectivity=0.0)",0,0,Neutro,0
104,La actividad f칤sica,"['actividad', 'f칤sica']",actividad f칤sica,"Sentiment(polarity=0.0, subjectivity=0.0)",0,0,Neutro,0
105,Todas,['todas'],todas,"Sentiment(polarity=0.0, subjectivity=0.0)",0,0,Neutro,0
106,Todas las actividades,"['todas', 'actividades']",todas actividades,"Sentiment(polarity=0.0, subjectivity=0.0)",0,0,Neutro,0
107,,[],,"Sentiment(polarity=0.0, subjectivity=0.0)",0,0,Neutro,0
108,Todas las actividades,"['todas', 'actividades']",todas actividades,"Sentiment(polarity=0.0, subjectivity=0.0)",0,0,Neutro,0
109,De haberse tomado en cuanta a la sociedad,"['haberse', 'tomado', 'cuanta', 'sociedad']",haberse tomado cuanta sociedad,"Sentiment(polarity=0.0, subjectivity=0.0)",0,0,Neutro,0
110,Me ayudo mucho la participaci칩n,"['ayudo', 'participaci칩n']",ayudo participaci칩n,"Sentiment(polarity=0.0, subjectivity=0.0)",0,0,Neutro,0
111,Para mi todas. Muchas gracias,"['todas', 'muchas', 'gracias']",todas muchas gracias,"Sentiment(polarity=0.0, subjectivity=0.0)",0,0,Neutro,0
112,"yo me sent칤 muy realizada con lo que aprend칤 con todo lo que nos ense침aron las tomacitas ""Que Dios los bendiga""","['sent칤', 'realizada', 'aprend칤', 'ense침aron', 'tomacitas', 'dios', 'bendiga']",sent칤 realizada aprend칤 ense침aron tomacitas dios bendiga,"Sentiment(polarity=0.0, subjectivity=0.0)",0,0,Neutro,0
113,Para mi ha sido positivo el haber compartido y aprendido a ser mas aut칩noma. Gracias,"['sido', 'positivo', 'haber', 'compartido', 'aprendido', 'ser', 'aut칩noma', 'gracias']",sido positivo haber compartido aprendido ser aut칩noma gracias,"Sentiment(polarity=0.0, subjectivity=0.0)",0,0,Neutro,0
114,Todas fueron un aporte,"['todas', 'aporte']",todas aporte,"Sentiment(polarity=0.0, subjectivity=0.0)",0,0,Neutro,0
115,"es mucho, agradecida por todo. Gracias","['agradecida', 'gracias']",agradecida gracias,"Sentiment(polarity=0.0, subjectivity=0.0)",0,0,Neutro,0
116,Excelente todo,['excelente'],excelente,"Sentiment(polarity=0.0, subjectivity=0.0)",0,0,Neutro,0
117,"Todo es muy bueno porque aprendemos mucho, estamos abiertos a aprender, tuvieron paciencia y mi nota es un 7","['bueno', 'aprendemos', 'abiertos', 'aprender', 'paciencia', 'nota', '7']",bueno aprendemos abiertos aprender paciencia nota 7,"Sentiment(polarity=0.0, subjectivity=0.0)",0,0,Neutro,0
118,"Paciencia, cari침osos, acogida, alegre e hicimos buenas amistades, buenas relaciones","['paciencia', 'cari침osos', 'acogida', 'alegre', 'hicimos', 'buenas', 'amistades', 'buenas', 'relaciones']",paciencia cari침osos acogida alegre hicimos buenas amistades buenas relaciones,"Sentiment(polarity=0.0, subjectivity=0.0)",0,0,Neutro,0
119,Fue muy entretenido y beneficioso para mi en esta edad,"['entretenido', 'beneficioso', 'edad']",entretenido beneficioso edad,"Sentiment(polarity=0.0, subjectivity=0.0)",0,0,Neutro,0
120,Me gustar칤a que nos hicieran clases para usar el celular,"['gustar칤a', 'hicieran', 'clases', 'usar', 'celular']",gustar칤a hicieran clases usar celular,"Sentiment(polarity=0.0, subjectivity=0.0)",0,0,Neutro,0
121,Espero que el pr칩ximo a침o nos ense침en uso del celular,"['espero', 'pr칩ximo', 'a침o', 'ense침en', 'uso', 'celular']",espero pr칩ximo a침o ense침en uso celular,"Sentiment(polarity=0.0, subjectivity=0.0)",0,0,Neutro,0
122,Gracias Santo Tom치s por ayudar a tener conocimiento,"['gracias', 'tom치s', 'ayudar', 'tener', 'conocimiento']",gracias tom치s ayudar tener conocimiento,"Sentiment(polarity=0.0, subjectivity=0.0)",0,0,Neutro,0
123,Todas,['todas'],todas,"Sentiment(polarity=0.0, subjectivity=0.0)",0,0,Neutro,0
124,Todas,['todas'],todas,"Sentiment(polarity=0.0, subjectivity=0.0)",0,0,Neutro,0
125,me sirvi칩 mucho para los adultos mayores,"['sirvi칩', 'adultos', 'mayores']",sirvi칩 adultos mayores,"Sentiment(polarity=0.0, subjectivity=0.0)",0,0,Neutro,0
126,Varios beneficios a favor nuestro,"['varios', 'beneficios', 'favor']",varios beneficios favor,"Sentiment(polarity=0.0, subjectivity=0.0)",0,0,Neutro,0
127,Muchos beneficios a favor nuestro,"['beneficios', 'favor']",beneficios favor,"Sentiment(polarity=0.0, subjectivity=0.0)",0,0,Neutro,0
128,Varios beneficios a favor nuestro,"['varios', 'beneficios', 'favor']",varios beneficios favor,"Sentiment(polarity=0.0, subjectivity=0.0)",0,0,Neutro,0
129,,[],,"Sentiment(polarity=0.0, subjectivity=0.0)",0,0,Neutro,0
130,Varios beneficios a favor nuestro,"['varios', 'beneficios', 'favor']",varios beneficios favor,"Sentiment(polarity=0.0, subjectivity=0.0)",0,0,Neutro,0
131,"Nos beneficia la autoestima al considerarnos en actividades, es como volver a la juventud, gracias por las actividades que nos brindaron","['beneficia', 'autoestima', 'considerarnos', 'actividades', 'volver', 'juventud', 'gracias', 'actividades', 'brindaron']",beneficia autoestima considerarnos actividades volver juventud gracias actividades brindaron,"Sentiment(polarity=0.0, subjectivity=0.0)",0,0,Neutro,0
132,Mucho beneficios sobre todo en la alimentaci칩n,"['beneficios', 'alimentaci칩n']",beneficios alimentaci칩n,"Sentiment(polarity=0.0, subjectivity=0.0)",0,0,Neutro,0
133,Muchos beneficios sobre todo administraci칩n,"['beneficios', 'administraci칩n']",beneficios administraci칩n,"Sentiment(polarity=0.0, subjectivity=0.0)",0,0,Neutro,0
134,La u Santo tomas nos apoya constante al adulto mayor,"['u', 'apoya', 'constante', 'adulto', 'mayor']",u apoya constante adulto mayor,"Sentiment(polarity=0.0, subjectivity=0.0)",0,0,Neutro,0
135,El gran apoyo de Santo Tomas con los adultos mayores,"['gran', 'apoyo', 'adultos', 'mayores']",gran apoyo adultos mayores,"Sentiment(polarity=0.0, subjectivity=0.0)",0,0,Neutro,0
136,La convivencia e interacci칩n con otras personas,"['convivencia', 'interacci칩n', 'personas']",convivencia interacci칩n personas,"Sentiment(polarity=0.0, subjectivity=0.0)",0,0,Neutro,0
137,Fue un gran aporte el haber participado de todas estas actividades que fueron de mucha utilidad,"['gran', 'aporte', 'haber', 'participado', 'todas', 'actividades', 'mucha', 'utilidad']",gran aporte haber participado todas actividades mucha utilidad,"Sentiment(polarity=0.0, subjectivity=0.0)",0,0,Neutro,0
138,"El aprendizaje, un muy buen trato es muy bueno que Santo Tom치s aporte y cuiden al adulto mayor","['aprendizaje', 'buen', 'trato', 'bueno', 'tom치s', 'aporte', 'cuiden', 'adulto', 'mayor']",aprendizaje buen trato bueno tom치s aporte cuiden adulto mayor,"Sentiment(polarity=0.0, subjectivity=0.0)",0,0,Neutro,0
139,Beneficios de Salud,"['beneficios', 'salud']",beneficios salud,"Sentiment(polarity=0.0, subjectivity=0.0)",0,0,Neutro,0
140,"El conocer mas personas, aumentar mi red social felicitaciones","['conocer', 'personas', 'aumentar', 'red', 'social', 'felicitaciones']",conocer personas aumentar red social felicitaciones,"Sentiment(polarity=0.016666666666666666, subjectivity=0.03333333333333333)",0.01666666667,0.03333333333,Positivo,0
141,La confianza hacia mi persona creer que esta edad es la mejor,"['confianza', 'hacia', 'persona', 'creer', 'edad', 'mejor']",confianza hacia persona creer edad mejor,"Sentiment(polarity=0.0, subjectivity=0.0)",0,0,Neutro,0
142,Me gusta mucho por su disponibilidad de todos para mi fue una gran alegr칤a de que se preocupen por nosotros ,"['gusta', 'disponibilidad', 'gran', 'alegr칤a', 'preocupen']",gusta disponibilidad gran alegr칤a preocupen,"Sentiment(polarity=0.0, subjectivity=0.0)",0,0,Neutro,0
143,Me siento bien porque hay mucha recreaci칩n,"['siento', 'bien', 'mucha', 'recreaci칩n']",siento bien mucha recreaci칩n,"Sentiment(polarity=0.0, subjectivity=0.0)",0,0,Neutro,0
144,Conforme de las actividades porque el trato y la atenci칩n fue grata,"['conforme', 'actividades', 'trato', 'atenci칩n', 'grata']",conforme actividades trato atenci칩n grata,"Sentiment(polarity=0.0, subjectivity=0.0)",0,0,Neutro,0
145,He aprendido mucho y tengo mas personalidad y confianza me gusta participar ,"['aprendido', 'personalidad', 'confianza', 'gusta', 'participar']",aprendido personalidad confianza gusta participar,"Sentiment(polarity=0.0, subjectivity=0.0)",0,0,Neutro,0
146,Muy realizada felicito al personal,"['realizada', 'felicito', 'personal']",realizada felicito personal,"Sentiment(polarity=0.0, subjectivity=0.3)",0,0.3,Neutro,1
147,"Actividades de autonom칤a, autovalencia","['actividades', 'autonom칤a', 'autovalencia']",actividades autonom칤a autovalencia,"Sentiment(polarity=0.0, subjectivity=0.0)",0,0,Neutro,0
148,Muy bueno me permite estar al d칤a,"['bueno', 'permite', 'd칤a']",bueno permite d칤a,"Sentiment(polarity=0.0, subjectivity=0.0)",0,0,Neutro,0
149,"Adquirir conocimientos para ordenar finanza, una mente positiva mas activa","['adquirir', 'conocimientos', 'ordenar', 'finanza', 'mente', 'positiva', 'activa']",adquirir conocimientos ordenar finanza mente positiva activa,"Sentiment(polarity=0.0, subjectivity=0.0)",0,0,Neutro,0
150,"Comida saludable, ejercicios apropiados a la edad de cada una de nosotras","['comida', 'saludable', 'ejercicios', 'apropiados', 'edad', 'cada']",comida saludable ejercicios apropiados edad cada,"Sentiment(polarity=0.0, subjectivity=0.0)",0,0,Neutro,0
151,"Conocer actividades que podamos hacer, gracias juventud por aportar a nuestra vida beneficios y pasar tiempo","['conocer', 'actividades', 'podamos', 'hacer', 'gracias', 'juventud', 'aportar', 'vida', 'beneficios', 'pasar', 'tiempo']",conocer actividades podamos hacer gracias juventud aportar vida beneficios pasar tiempo,"Sentiment(polarity=0.0, subjectivity=0.0)",0,0,Neutro,0
152,Muy bien ayud칩 a compartir,"['bien', 'ayud칩', 'compartir']",bien ayud칩 compartir,"Sentiment(polarity=0.0, subjectivity=0.0)",0,0,Neutro,0
153,Todo bien para compartir,"['bien', 'compartir']",bien compartir,"Sentiment(polarity=0.0, subjectivity=0.0)",0,0,Neutro,0
154,La invitaci칩n a continuar en el ejercicio y participaci칩n continua,"['invitaci칩n', 'continuar', 'ejercicio', 'participaci칩n', 'continua']",invitaci칩n continuar ejercicio participaci칩n continua,"Sentiment(polarity=0.0, subjectivity=0.0)",0,0,Neutro,0
155,Conocer mas gente,"['conocer', 'gente']",conocer gente,"Sentiment(polarity=0.0, subjectivity=0.0)",0,0,Neutro,0
156,,[],,"Sentiment(polarity=0.0, subjectivity=0.0)",0,0,Neutro,0
157,Bueno todo fue para el adulto mayor,"['bueno', 'adulto', 'mayor']",bueno adulto mayor,"Sentiment(polarity=0.0, subjectivity=0.0)",0,0,Neutro,0
158,Me ha beneficiado en estar ocupada y entretenida en lo social,"['beneficiado', 'ocupada', 'entretenida', 'social']",beneficiado ocupada entretenida social,"Sentiment(polarity=0.03333333333333333, subjectivity=0.06666666666666667)",0.03333333333,0.06666666667,Positivo,0
159,Convivencia Social,"['convivencia', 'social']",convivencia social,"Sentiment(polarity=0.03333333333333333, subjectivity=0.06666666666666667)",0.03333333333,0.06666666667,Positivo,0
160,todo lo que se hizo muy agradable gracias,"['hizo', 'agradable', 'gracias']",hizo agradable gracias,"Sentiment(polarity=0.0, subjectivity=0.0)",0,0,Neutro,0
161,Salud f칤sica,"['salud', 'f칤sica']",salud f칤sica,"Sentiment(polarity=0.0, subjectivity=0.0)",0,0,Neutro,0
162,,[],,"Sentiment(polarity=0.0, subjectivity=0.0)",0,0,Neutro,0
163,Me permiti칩 conocer los temas de salud y participar en las actividades,"['permiti칩', 'conocer', 'temas', 'salud', 'participar', 'actividades']",permiti칩 conocer temas salud participar actividades,"Sentiment(polarity=0.0, subjectivity=0.0)",0,0,Neutro,0
164,es estar socializar con gente,"['socializar', 'gente']",socializar gente,"Sentiment(polarity=0.0, subjectivity=0.0)",0,0,Neutro,0
165,,[],,"Sentiment(polarity=0.0, subjectivity=0.0)",0,0,Neutro,0
166,Salir de su hogar y juntar con sus pares,"['salir', 'hogar', 'juntar', 'pares']",salir hogar juntar pares,"Sentiment(polarity=0.0, subjectivity=0.0)",0,0,Neutro,0
167,Adquirir mas conocimientos para nuestro cuidado de salud,"['adquirir', 'conocimientos', 'cuidado', 'salud']",adquirir conocimientos cuidado salud,"Sentiment(polarity=0.0, subjectivity=0.0)",0,0,Neutro,0
168,,[],,"Sentiment(polarity=0.0, subjectivity=0.0)",0,0,Neutro,0
169,La preocupaci칩n de Santo Tomas en los adultos mayores,"['preocupaci칩n', 'adultos', 'mayores']",preocupaci칩n adultos mayores,"Sentiment(polarity=0.0, subjectivity=0.0)",0,0,Neutro,0
170,Le gusta porque les hace bien,"['gusta', 'hace', 'bien']",gusta hace bien,"Sentiment(polarity=0.0, subjectivity=0.0)",0,0,Neutro,0
171,Preocupaci칩n y ense침anzas variadas,"['preocupaci칩n', 'ense침anzas', 'variadas']",preocupaci칩n ense침anzas variadas,"Sentiment(polarity=0.0, subjectivity=0.0)",0,0,Neutro,0
172,Tener mas conocimiento y adquirir otras redes de apoyo. Instancias de recreaci칩n,"['tener', 'conocimiento', 'adquirir', 'redes', 'apoyo', 'instancias', 'recreaci칩n']",tener conocimiento adquirir redes apoyo instancias recreaci칩n,"Sentiment(polarity=0.0, subjectivity=0.0)",0,0,Neutro,0
173,Mucho aporte en conocimiento en mi vida y tener una mejor salud,"['aporte', 'conocimiento', 'vida', 'tener', 'mejor', 'salud']",aporte conocimiento vida tener mejor salud,"Sentiment(polarity=0.0, subjectivity=0.0)",0,0,Neutro,0
174,Me sent칤 mucho mejor,"['sent칤', 'mejor']",sent칤 mejor,"Sentiment(polarity=0.0, subjectivity=0.0)",0,0,Neutro,0
175,Aprend칤 mucho con la universidad Santo Tom치s,"['aprend칤', 'universidad', 'tom치s']",aprend칤 universidad tom치s,"Sentiment(polarity=0.0, subjectivity=0.0)",0,0,Neutro,0
176,Fue muy grato el aporte me gust칩 lo que hicieron,"['grato', 'aporte', 'gust칩', 'hicieron']",grato aporte gust칩 hicieron,"Sentiment(polarity=0.0, subjectivity=0.0)",0,0,Neutro,0
177,Me hizo mas 치gil la mente,"['hizo', '치gil', 'mente']",hizo 치gil mente,"Sentiment(polarity=0.0, subjectivity=0.0)",0,0,Neutro,0
178,Fue muy importante para nuestras vidas. Felicitaciones,"['importante', 'vidas', 'felicitaciones']",importante vidas felicitaciones,"Sentiment(polarity=0.0, subjectivity=0.0)",0,0,Neutro,0
179,Conocimiento,['conocimiento'],conocimiento,"Sentiment(polarity=0.0, subjectivity=0.0)",0,0,Neutro,0
180,Tuvimos participaci칩n en cada actividad desarrollada,"['participaci칩n', 'cada', 'actividad', 'desarrollada']",participaci칩n cada actividad desarrollada,"Sentiment(polarity=0.0, subjectivity=0.0)",0,0,Neutro,0
181,Me gusto participe en todas las actividades,"['gusto', 'participe', 'todas', 'actividades']",gusto participe todas actividades,"Sentiment(polarity=0.0, subjectivity=0.0)",0,0,Neutro,0
182,Mayor conocimiento,"['mayor', 'conocimiento']",mayor conocimiento,"Sentiment(polarity=0.0, subjectivity=0.0)",0,0,Neutro,0
183,Fue mejor aporte haber participado en esta actividad,"['mejor', 'aporte', 'haber', 'participado', 'actividad']",mejor aporte haber participado actividad,"Sentiment(polarity=0.0, subjectivity=0.0)",0,0,Neutro,0
184,"Todo lo que hicieron fue un gran aporte que ense침aron, varias cosas que no sabia se les da las gracias a todo el equipo","['hicieron', 'gran', 'aporte', 'ense침aron', 'varias', 'sabia', 'da', 'gracias', 'equipo']",hicieron gran aporte ense침aron varias sabia da gracias equipo,"Sentiment(polarity=0.0, subjectivity=0.0)",0,0,Neutro,0
185,Aprender cosas nuevas y entretenidas,"['aprender', 'nuevas', 'entretenidas']",aprender nuevas entretenidas,"Sentiment(polarity=0.0, subjectivity=0.0)",0,0,Neutro,0
186,Beneficio de Salud,"['beneficio', 'salud']",beneficio salud,"Sentiment(polarity=0.0, subjectivity=0.0)",0,0,Neutro,0
187,"Todas las Actividades mejoran la salud
","['todas', 'actividades', 'mejoran', 'salud']",todas actividades mejoran salud,"Sentiment(polarity=0.0, subjectivity=0.0)",0,0,Neutro,0
188,Beneficio de Salud,"['beneficio', 'salud']",beneficio salud,"Sentiment(polarity=0.0, subjectivity=0.0)",0,0,Neutro,0
189,"Muchas actividades, ejercicios, recreaciones y beneficios","['muchas', 'actividades', 'ejercicios', 'recreaciones', 'beneficios']",muchas actividades ejercicios recreaciones beneficios,"Sentiment(polarity=0.0, subjectivity=0.0)",0,0,Neutro,0
190,LLevo poco tiempo y me gustan las actividades,"['llevo', 'tiempo', 'gustan', 'actividades']",llevo tiempo gustan actividades,"Sentiment(polarity=0.0, subjectivity=0.0)",0,0,Neutro,0
191,Que aprendi a resolver mis problemas,"['aprendi', 'resolver', 'problemas']",aprendi resolver problemas,"Sentiment(polarity=0.0, subjectivity=0.0)",0,0,Neutro,0
192,,[],,"Sentiment(polarity=0.0, subjectivity=0.0)",0,0,Neutro,0
193,Buena iniciativa para nosotros,"['buena', 'iniciativa']",buena iniciativa,"Sentiment(polarity=0.0, subjectivity=0.0)",0,0,Neutro,0
194,Lo instruyen aprendio bastante,"['instruyen', 'aprendio', 'bastante']",instruyen aprendio bastante,"Sentiment(polarity=0.0, subjectivity=0.0)",0,0,Neutro,0
195,Nos explicaron sobre los cuidados de la salud y regalonearon con dulces,"['explicaron', 'cuidados', 'salud', 'regalonearon', 'dulces']",explicaron cuidados salud regalonearon dulces,"Sentiment(polarity=0.0, subjectivity=0.0)",0,0,Neutro,0
196,Excelente,['excelente'],excelente,"Sentiment(polarity=0.0, subjectivity=0.0)",0,0,Neutro,0
197,Para mi fue un encuentro para darnos mas autoestima personal. Excelente,"['encuentro', 'darnos', 'autoestima', 'personal', 'excelente']",encuentro darnos autoestima personal excelente,"Sentiment(polarity=0.0, subjectivity=0.3)",0,0.3,Neutro,1
198,Para mi fue muy lindo porque los entregaron mucho conocimiento Gracias,"['lindo', 'entregaron', 'conocimiento', 'gracias']",lindo entregaron conocimiento gracias,"Sentiment(polarity=0.0, subjectivity=0.0)",0,0,Neutro,0
199,Excelente ,['excelente'],excelente,"Sentiment(polarity=0.0, subjectivity=0.0)",0,0,Neutro,0
200,"Actividad social, apoyarnos en lo legal, salud, actividad recreativas","['actividad', 'social', 'apoyarnos', 'legal', 'salud', 'actividad', 'recreativas']",actividad social apoyarnos legal salud actividad recreativas,"Sentiment(polarity=0.11666666666666667, subjectivity=0.13333333333333333)",0.1166666667,0.1333333333,Positivo,0
201,Estuvo muy bien las actividades felicitaciones a Santo Tomas y sus estudiantes,"['bien', 'actividades', 'felicitaciones', 'estudiantes']",bien actividades felicitaciones estudiantes,"Sentiment(polarity=0.0, subjectivity=0.0)",0,0,Neutro,0
202,Me gusto todas las actividades que yo participe,"['gusto', 'todas', 'actividades', 'participe']",gusto todas actividades participe,"Sentiment(polarity=0.0, subjectivity=0.0)",0,0,Neutro,0
203,"Aprendi mas sobre mi cuidado alimenticio conoci mas gente (social) y beneficios, me gusto actividad fisica","['aprendi', 'cuidado', 'alimenticio', 'conoci', 'gente', 'social', 'beneficios', 'gusto', 'actividad', 'fisica']",aprendi cuidado alimenticio conoci gente social beneficios gusto actividad fisica,"Sentiment(polarity=0.03333333333333333, subjectivity=0.06666666666666667)",0.03333333333,0.06666666667,Positivo,0
204,Aprender cosas nuevas a mi beneficio y compa침eras de comunidad,"['aprender', 'nuevas', 'beneficio', 'compa침eras', 'comunidad']",aprender nuevas beneficio compa침eras comunidad,"Sentiment(polarity=0.0, subjectivity=0.0)",0,0,Neutro,0
205,Como adulto mayor nos beneficia y nos mejora la calidad de vida,"['adulto', 'mayor', 'beneficia', 'mejora', 'calidad', 'vida']",adulto mayor beneficia mejora calidad vida,"Sentiment(polarity=0.0, subjectivity=0.0)",0,0,Neutro,0
206,Tener mejor calidad de vida,"['tener', 'mejor', 'calidad', 'vida']",tener mejor calidad vida,"Sentiment(polarity=0.0, subjectivity=0.0)",0,0,Neutro,0
207,Nos hablan como cuidar nuestra salud,"['hablan', 'cuidar', 'salud']",hablan cuidar salud,"Sentiment(polarity=0.0, subjectivity=0.0)",0,0,Neutro,0
208,Como cuidar mi salud,"['cuidar', 'salud']",cuidar salud,"Sentiment(polarity=0.0, subjectivity=0.0)",0,0,Neutro,0
209, a sido de mucha ayuda,"['sido', 'mucha', 'ayuda']",sido mucha ayuda,"Sentiment(polarity=0.0, subjectivity=0.0)",0,0,Neutro,0
210,Beneficio de participar en actividad,"['beneficio', 'participar', 'actividad']",beneficio participar actividad,"Sentiment(polarity=0.0, subjectivity=0.0)",0,0,Neutro,0
211,El principal aporte fueron las actividades f칤sicas y sentirse acogida por los alumnos,"['principal', 'aporte', 'actividades', 'f칤sicas', 'sentirse', 'acogida', 'alumnos']",principal aporte actividades f칤sicas sentirse acogida alumnos,"Sentiment(polarity=0.0, subjectivity=0.0)",0,0,Neutro,0
212,"Socializar, salir de su casa, hacer ejercicios","['socializar', 'salir', 'casa', 'hacer', 'ejercicios']",socializar salir casa hacer ejercicios,"Sentiment(polarity=0.0, subjectivity=0.0)",0,0,Neutro,0
213,"Desenvolverse en la comunidad, ser yo misma y no tener miedo","['desenvolverse', 'comunidad', 'ser', 'misma', 'tener', 'miedo']",desenvolverse comunidad ser misma tener miedo,"Sentiment(polarity=0.0, subjectivity=0.0)",0,0,Neutro,0
214,Aporte de conocimientos,"['aporte', 'conocimientos']",aporte conocimientos,"Sentiment(polarity=0.0, subjectivity=0.0)",0,0,Neutro,0
215,Salir de casa,"['salir', 'casa']",salir casa,"Sentiment(polarity=0.0, subjectivity=0.0)",0,0,Neutro,0
216,"Los ejercicios, charla, personas con TEA","['ejercicios', 'charla', 'personas', 'tea']",ejercicios charla personas tea,"Sentiment(polarity=0.0, subjectivity=0.0)",0,0,Neutro,0
217,La compa침칤a. La ense침anza f칤sica,"['compa침칤a', 'ense침anza', 'f칤sica']",compa침칤a ense침anza f칤sica,"Sentiment(polarity=0.0, subjectivity=0.0)",0,0,Neutro,0
218,"Actividad f칤sica y conocimientos, computador. Agradecida de salir a recrearse, moverse.","['actividad', 'f칤sica', 'conocimientos', 'computador', 'agradecida', 'salir', 'recrearse', 'moverse']",actividad f칤sica conocimientos computador agradecida salir recrearse moverse,"Sentiment(polarity=0.0, subjectivity=0.0)",0,0,Neutro,0
219,"Me aport칩 en las actividades f칤sicas, me aport칩 conocimientos","['aport칩', 'actividades', 'f칤sicas', 'aport칩', 'conocimientos']",aport칩 actividades f칤sicas aport칩 conocimientos,"Sentiment(polarity=0.0, subjectivity=0.0)",0,0,Neutro,0
220,Que aprense bastante y sale de lo com칰n,"['aprense', 'bastante', 'sale', 'com칰n']",aprense bastante sale com칰n,"Sentiment(polarity=0.0, subjectivity=0.0)",0,0,Neutro,0
221,"M치s seguridad, empat칤a y socializar","['seguridad', 'empat칤a', 'socializar']",seguridad empat칤a socializar,"Sentiment(polarity=0.0, subjectivity=0.0)",0,0,Neutro,0
222,"Sociabilizar con gente joven y de su misma edad, aprender del otro","['sociabilizar', 'gente', 'joven', 'misma', 'edad', 'aprender']",sociabilizar gente joven misma edad aprender,"Sentiment(polarity=0.0, subjectivity=0.0)",0,0,Neutro,0
223,Socializar con m치s personas,"['socializar', 'personas']",socializar personas,"Sentiment(polarity=0.0, subjectivity=0.0)",0,0,Neutro,0
224,"Aportaron m치s conocimiento, sentirse m치s valorado como persona","['aportaron', 'conocimiento', 'sentirse', 'valorado', 'persona']",aportaron conocimiento sentirse valorado persona,"Sentiment(polarity=0.0, subjectivity=0.0)",0,0,Neutro,0
225,Ser valorada,"['ser', 'valorada']",ser valorada,"Sentiment(polarity=0.0, subjectivity=0.0)",0,0,Neutro,0
226,Que aprendi칩 de muchas cosas,"['aprendi칩', 'muchas']",aprendi칩 muchas,"Sentiment(polarity=0.0, subjectivity=0.0)",0,0,Neutro,0
227,Me sirvieron para aprender varias cosas,"['sirvieron', 'aprender', 'varias']",sirvieron aprender varias,"Sentiment(polarity=0.0, subjectivity=0.0)",0,0,Neutro,0
228,Gracias a estos talleres aprendimos m치s sobre diversos temas y compartimos nuestras experiencia con los jovenes,"['gracias', 'talleres', 'aprendimos', 'diversos', 'temas', 'compartimos', 'experiencia', 'jovenes']",gracias talleres aprendimos diversos temas compartimos experiencia jovenes,"Sentiment(polarity=0.0, subjectivity=0.0)",0,0,Neutro,0
229,Excelentes talleres para aprender,"['excelentes', 'talleres', 'aprender']",excelentes talleres aprender,"Sentiment(polarity=0.0, subjectivity=0.0)",0,0,Neutro,0
230,Compartir con personas y aprender de ellas en los diversos talleres,"['compartir', 'personas', 'aprender', 'diversos', 'talleres']",compartir personas aprender diversos talleres,"Sentiment(polarity=0.0, subjectivity=0.0)",0,0,Neutro,0
231,Participar activamente en los diversos talleres,"['participar', 'activamente', 'diversos', 'talleres']",participar activamente diversos talleres,"Sentiment(polarity=0.0, subjectivity=0.0)",0,0,Neutro,0
232,Aprender m치s sobre valores asignados y la tecnolog칤a de los tel칠fonos celulares,"['aprender', 'valores', 'asignados', 'tecnolog칤a', 'tel칠fonos', 'celulares']",aprender valores asignados tecnolog칤a tel칠fonos celulares,"Sentiment(polarity=0.0, subjectivity=0.0)",0,0,Neutro,0
233,Aprender y ense침ar los jovenes sobre agricultura y las plantas en su sembrado. Compartir experiencias con estudiantes,"['aprender', 'ense침ar', 'jovenes', 'agricultura', 'plantas', 'sembrado', 'compartir', 'experiencias', 'estudiantes']",aprender ense침ar jovenes agricultura plantas sembrado compartir experiencias estudiantes,"Sentiment(polarity=0.0, subjectivity=0.0)",0,0,Neutro,0
234,Mejorar salud y aprender sobre alimentaci칩n y tecnolog칤a,"['mejorar', 'salud', 'aprender', 'alimentaci칩n', 'tecnolog칤a']",mejorar salud aprender alimentaci칩n tecnolog칤a,"Sentiment(polarity=0.0, subjectivity=0.0)",0,0,Neutro,0
235,Sentirme bien y feliz al compartir con mi grupo y los jovenes. Aprender de huerto y tecnolog칤as como tambi칠n de alimentaci칩n sana,"['sentirme', 'bien', 'feliz', 'compartir', 'grupo', 'jovenes', 'aprender', 'huerto', 'tecnolog칤as', 'alimentaci칩n', 'sana']",sentirme bien feliz compartir grupo jovenes aprender huerto tecnolog칤as alimentaci칩n sana,"Sentiment(polarity=0.0, subjectivity=0.0)",0,0,Neutro,0
236,Compartir con los estudiantes mis experiencias,"['compartir', 'estudiantes', 'experiencias']",compartir estudiantes experiencias,"Sentiment(polarity=0.0, subjectivity=0.0)",0,0,Neutro,0
237,Agradecer todos los talleres ofrecidos para nuestro club los cuales son motivos de aprendizaje,"['agradecer', 'talleres', 'ofrecidos', 'club', 'cuales', 'motivos', 'aprendizaje']",agradecer talleres ofrecidos club cuales motivos aprendizaje,"Sentiment(polarity=0.0, subjectivity=0.0)",0,0,Neutro,0
238,Aprender uso de tecnolog칤a y diversas formas en las cuales probemos usar nuestro tiempo,"['aprender', 'uso', 'tecnolog칤a', 'diversas', 'formas', 'cuales', 'probemos', 'usar', 'tiempo']",aprender uso tecnolog칤a diversas formas cuales probemos usar tiempo,"Sentiment(polarity=0.0, subjectivity=0.0)",0,0,Neutro,0
239,Los talleres y las actividades han generado una excelente instancia de aprendizaje as칤 los esperamos el pr칩ximo a침o,"['talleres', 'actividades', 'generado', 'excelente', 'instancia', 'aprendizaje', 'as칤', 'esperamos', 'pr칩ximo', 'a침o']",talleres actividades generado excelente instancia aprendizaje as칤 esperamos pr칩ximo a침o,"Sentiment(polarity=0.0, subjectivity=0.0)",0,0,Neutro,0
240,Aprender sobre tecnolog칤a y uso de celular,"['aprender', 'tecnolog칤a', 'uso', 'celular']",aprender tecnolog칤a uso celular,"Sentiment(polarity=0.0, subjectivity=0.0)",0,0,Neutro,0
241,Poder aprender sobre el uso del celular. Compartir con alumnos de Santo Tom치s,"['poder', 'aprender', 'uso', 'celular', 'compartir', 'alumnos', 'tom치s']",poder aprender uso celular compartir alumnos tom치s,"Sentiment(polarity=0.0, subjectivity=0.0)",0,0,Neutro,0
242,Sentir la preocupaci칩n de los j칩venes en cada encuentro,"['sentir', 'preocupaci칩n', 'j칩venes', 'cada', 'encuentro']",sentir preocupaci칩n j칩venes cada encuentro,"Sentiment(polarity=0.0, subjectivity=0.0)",0,0,Neutro,0
243,Aprender a utilizar aplicaciones en celular,"['aprender', 'utilizar', 'aplicaciones', 'celular']",aprender utilizar aplicaciones celular,"Sentiment(polarity=0.0, subjectivity=0.0)",0,0,Neutro,0
244,Agradezco la paciencia y dedicaci칩n para ense침ar de los profesores y estudiantes,"['agradezco', 'paciencia', 'dedicaci칩n', 'ense침ar', 'profesores', 'estudiantes']",agradezco paciencia dedicaci칩n ense침ar profesores estudiantes,"Sentiment(polarity=0.0, subjectivity=0.0)",0,0,Neutro,0
245,Tener actividades de recreaci칩n que permitieron alegrarnos,"['tener', 'actividades', 'recreaci칩n', 'permitieron', 'alegrarnos']",tener actividades recreaci칩n permitieron alegrarnos,"Sentiment(polarity=0.0, subjectivity=0.0)",0,0,Neutro,0
246,Comprender que somos capaces de varias cosas,"['comprender', 'capaces', 'varias']",comprender capaces varias,"Sentiment(polarity=0.0, subjectivity=0.0)",0,0,Neutro,0
247,Aprender en los talleres sobre todo de tecnolog칤a,"['aprender', 'talleres', 'tecnolog칤a']",aprender talleres tecnolog칤a,"Sentiment(polarity=0.0, subjectivity=0.0)",0,0,Neutro,0
248,La compa침칤a y los talleres generan bienestar en nuestra vida y nos ense침an a como seguir adelante,"['compa침칤a', 'talleres', 'generan', 'bienestar', 'vida', 'ense침an', 'seguir', 'adelante']",compa침칤a talleres generan bienestar vida ense침an seguir adelante,"Sentiment(polarity=0.0, subjectivity=0.0)",0,0,Neutro,0
249,Compartir con estudiantes y docentes en los distintos talleres,"['compartir', 'estudiantes', 'docentes', 'distintos', 'talleres']",compartir estudiantes docentes distintos talleres,"Sentiment(polarity=0.0, subjectivity=0.0)",0,0,Neutro,0
250,Compartir con gente joven me hace bien,"['compartir', 'gente', 'joven', 'hace', 'bien']",compartir gente joven hace bien,"Sentiment(polarity=0.0, subjectivity=0.0)",0,0,Neutro,0
251,Sentir que podemos aprender cosas con apoyo y paciencia,"['sentir', 'podemos', 'aprender', 'apoyo', 'paciencia']",sentir podemos aprender apoyo paciencia,"Sentiment(polarity=0.0, subjectivity=0.0)",0,0,Neutro,0
252,"Fue agradable sentirse acogido por profesores y estudiantes en el taller, aprend칤 mucho de cocina y cuando nos visitaron","['agradable', 'sentirse', 'acogido', 'profesores', 'estudiantes', 'taller', 'aprend칤', 'cocina', 'visitaron']",agradable sentirse acogido profesores estudiantes taller aprend칤 cocina visitaron,"Sentiment(polarity=0.0, subjectivity=0.0)",0,0,Neutro,0
253,"Tener una vejez nos activa, gracias a las actividades realizadas por Santo Tom치s","['tener', 'vejez', 'activa', 'gracias', 'actividades', 'realizadas', 'tom치s']",tener vejez activa gracias actividades realizadas tom치s,"Sentiment(polarity=0.0, subjectivity=0.0)",0,0,Neutro,0
254,Se aporte y acompa침amiento futuro,"['aporte', 'acompa침amiento', 'futuro']",aporte acompa침amiento futuro,"Sentiment(polarity=0.0, subjectivity=0.0)",0,0,Neutro,0
255,El principal aporte fue aprender diversas habilidades del uso de la tecnolog칤a como tambi칠n aprendizaje en otros talleres,"['principal', 'aporte', 'aprender', 'diversas', 'habilidades', 'uso', 'tecnolog칤a', 'aprendizaje', 'talleres']",principal aporte aprender diversas habilidades uso tecnolog칤a aprendizaje talleres,"Sentiment(polarity=0.0, subjectivity=0.0)",0,0,Neutro,0
256,Fue muy gratificante lo entregado en todos los talleres que entregaron al club,"['gratificante', 'entregado', 'talleres', 'entregaron', 'club']",gratificante entregado talleres entregaron club,"Sentiment(polarity=0.0, subjectivity=0.0)",0,0,Neutro,0
257,Aprender las diversas tecnolog칤as como cada una de las cosas que se pueden hacer en el tel칠fono,"['aprender', 'diversas', 'tecnolog칤as', 'cada', 'pueden', 'hacer', 'tel칠fono']",aprender diversas tecnolog칤as cada pueden hacer tel칠fono,"Sentiment(polarity=0.0, subjectivity=0.0)",0,0,Neutro,0
258,Contar con el apoyo de jovenes y profesores para entregarnos el aprendizaje en los talleres,"['contar', 'apoyo', 'jovenes', 'profesores', 'entregarnos', 'aprendizaje', 'talleres']",contar apoyo jovenes profesores entregarnos aprendizaje talleres,"Sentiment(polarity=0.0, subjectivity=0.0)",0,0,Neutro,0
259,El principal aporte fue compartir con los estudiantes y profesores y aprender de ellos,"['principal', 'aporte', 'compartir', 'estudiantes', 'profesores', 'aprender']",principal aporte compartir estudiantes profesores aprender,"Sentiment(polarity=0.0, subjectivity=0.0)",0,0,Neutro,0
260,Mayor conocimiento del manejo de la tecnolog칤a,"['mayor', 'conocimiento', 'manejo', 'tecnolog칤a']",mayor conocimiento manejo tecnolog칤a,"Sentiment(polarity=0.0, subjectivity=0.0)",0,0,Neutro,0
261,El taller de mascostas me ayuda a conocer m치s sobre los cuidados de los animales que tengo en la casa y el de uso de tel칠fono a usar la tecnolog칤a,"['taller', 'mascostas', 'ayuda', 'conocer', 'cuidados', 'animales', 'casa', 'uso', 'tel칠fono', 'usar', 'tecnolog칤a']",taller mascostas ayuda conocer cuidados animales casa uso tel칠fono usar tecnolog칤a,"Sentiment(polarity=0.0, subjectivity=0.0)",0,0,Neutro,0
262,Los talleres aportaron al conocimiento en cosas que no conoc칤a,"['talleres', 'aportaron', 'conocimiento', 'conoc칤a']",talleres aportaron conocimiento conoc칤a,"Sentiment(polarity=0.0, subjectivity=0.0)",0,0,Neutro,0
263,Agradezco los talleres porque me ense침aron a poder aprender nuevas recetas salduables y a tener m치s conocimientos sobre la tecnolog칤a,"['agradezco', 'talleres', 'ense침aron', 'poder', 'aprender', 'nuevas', 'recetas', 'salduables', 'tener', 'conocimientos', 'tecnolog칤a']",agradezco talleres ense침aron poder aprender nuevas recetas salduables tener conocimientos tecnolog칤a,"Sentiment(polarity=0.0, subjectivity=0.0)",0,0,Neutro,0
264,S/I,['si'],si,"Sentiment(polarity=0.0, subjectivity=0.0)",0,0,Neutro,0
265,S/I,['si'],si,"Sentiment(polarity=0.0, subjectivity=0.0)",0,0,Neutro,0
266,S/I,['si'],si,"Sentiment(polarity=0.0, subjectivity=0.0)",0,0,Neutro,0
267,Poder aprender en los talleres realizados lo que nos facilita realizar distintas actividades en el hogar,"['poder', 'aprender', 'talleres', 'realizados', 'facilita', 'realizar', 'distintas', 'actividades', 'hogar']",poder aprender talleres realizados facilita realizar distintas actividades hogar,"Sentiment(polarity=0.0, subjectivity=0.0)",0,0,Neutro,0
268,Aprender de los avances de la tecnolog칤a y las diversas maneras de ocupar nuestro tiempo,"['aprender', 'avances', 'tecnolog칤a', 'diversas', 'maneras', 'ocupar', 'tiempo']",aprender avances tecnolog칤a diversas maneras ocupar tiempo,"Sentiment(polarity=0.0, subjectivity=0.0)",0,0,Neutro,0
269,S/I,['si'],si,"Sentiment(polarity=0.0, subjectivity=0.0)",0,0,Neutro,0
270,S/I,['si'],si,"Sentiment(polarity=0.0, subjectivity=0.0)",0,0,Neutro,0
271,S/I,['si'],si,"Sentiment(polarity=0.0, subjectivity=0.0)",0,0,Neutro,0
272,S/I,['si'],si,"Sentiment(polarity=0.0, subjectivity=0.0)",0,0,Neutro,0
273,S/I,['si'],si,"Sentiment(polarity=0.0, subjectivity=0.0)",0,0,Neutro,0
274,Nos ense침aron diversas formas de ocupar nuestro tiempo en el hogar y de comunicarnos a trav칠s del tel칠fono hasta como cocinar sanamente,"['ense침aron', 'diversas', 'formas', 'ocupar', 'tiempo', 'hogar', 'comunicarnos', 'trav칠s', 'tel칠fono', 'cocinar', 'sanamente']",ense침aron diversas formas ocupar tiempo hogar comunicarnos trav칠s tel칠fono cocinar sanamente,"Sentiment(polarity=0.0, subjectivity=0.0)",0,0,Neutro,0
275,Gracias a los talleres aprend칤 bastante sobre gastronom칤a y uso de tecnolog칤a gracias a los profesores y estudiantes,"['gracias', 'talleres', 'aprend칤', 'bastante', 'gastronom칤a', 'uso', 'tecnolog칤a', 'gracias', 'profesores', 'estudiantes']",gracias talleres aprend칤 bastante gastronom칤a uso tecnolog칤a gracias profesores estudiantes,"Sentiment(polarity=0.0, subjectivity=0.0)",0,0,Neutro,0
276,El beneficio de aprender nuevas recetas con aportes de los profesores y estudiantes,"['beneficio', 'aprender', 'nuevas', 'recetas', 'aportes', 'profesores', 'estudiantes']",beneficio aprender nuevas recetas aportes profesores estudiantes,"Sentiment(polarity=0.0, subjectivity=0.0)",0,0,Neutro,0
277,Nos han aportado con su conocimiento en las distintas materias de talleres entregando herramientas para vivir nuestra vejez,"['aportado', 'conocimiento', 'distintas', 'materias', 'talleres', 'entregando', 'herramientas', 'vivir', 'vejez']",aportado conocimiento distintas materias talleres entregando herramientas vivir vejez,"Sentiment(polarity=0.0, subjectivity=0.0)",0,0,Neutro,0
278,Mucha atenci칩n de los alumnos y profesores para que nosotras aprendieramos. Muy buena compa침칤a,"['mucha', 'atenci칩n', 'alumnos', 'profesores', 'aprendieramos', 'buena', 'compa침칤a']",mucha atenci칩n alumnos profesores aprendieramos buena compa침칤a,"Sentiment(polarity=0.0, subjectivity=0.0)",0,0,Neutro,0